marker_name,ctrl_mean,case_mean,p_value,ci_low,ci_high
marker2,0.439366858765957,1.04260855528205,1.36148235891001e-15,-0.725250980176122,-0.481232412856066
marker3,0.695602982702128,0.852924749384615,0.0122212332327406,-0.279353644130122,-0.035289889234854
marker5,0.541855133021277,0.458190347153846,0.218451778802666,-0.0505508440749996,0.217880415809861
marker1,0.508573013148936,0.528437211512821,0.743200589157364,-0.140086318497769,0.100357921770001
marker4,0.44792055193617,0.454434222128205,0.917255690086164,-0.130864461158827,0.117837120774757
